{ "Applications" : [{
  "name" : "102",
  "displayName" : "PO EDN Stream",
  "description" : "This is a stream of purchase order record shapes simulated by a CSV file, that would arrive from the SOA infrastructure Event Delivery Network (EDN) framework",
  "typeName" : "CSVSource",
  "parameters" : {
    "eventInterval" : "1000",
    "initialDelay" : "0",
    "loopback":true,
    "sourceFilePath" : {
      "fileServerName" : "EDN_FRAUD_STREAM.txt",
      "fileDisplayName" : "EDN_FRAUD_STREAM.txt",
      "type" : "upload"
    }
  },
  "attachedTagNames" : [ "sample", "risk", "STREAM", "EDN", "CSV" ],
  "createdBy" : "Oracle samples",
  "createdAt" : 1425984680631,
  "updatedBy" : "wlevs",
  "updatedAt" : 1425984680631,
  "realEventType" : {
    "name" : "sx-2-6-PO_EDN_STREAM-1",
    "fields" : {
      "Email" : "string",
      "TotalAmount" : "double",
      "purchaseID" : "string",
      "purchase_date_time" : "string",
      "systemID" : "string"
    }
  },
  "invalid" : false,
  "producedEventType" : {
    "name" : "PO_FRAUD_SHAPE",
    "fields" : {
      "Email" : "string",
      "TotalAmount" : "double",
      "purchaseID" : "string",
      "purchase_date_time" : "string",
      "systemID" : "string"
    }
  }
},{
  "name" : "103",
  "displayName" : "PO EDN Fraud Monitoring",
  "description" : "This application will monitor the purchase order records from the SOA infrastructure to identify potential fraudulent activities such as the rapid use of a stolen credit card, based on a threshold spending amount limit. The results of this fraud check is to write the output shapes to another CSV file for later analysis. ",
  "typeName" : "Exploration",
  "parameters" : {
  },
  "attachedTagNames" : [ "sample", "risk", "EDN", "fraud", "monitoring" ],
  "createdBy" : "Oracle samples",
  "createdAt" : 1425984858084,
  "updatedBy" : "wlevs",
  "updatedAt" : 1425984981884,
  "realEventType" : {
    "name" : "sx-2-15-PO_EDN_FRAUD_MONITORING-1",
    "fields" : {
      "Email" : "string",
      "SUM_of_TotalAmount" : "double"
    }
  },
  "oepAppName" : "sx-2-15-PO_EDN_FRAUD_MONITORING",
  "invalid" : false,
  "producedEventType" : null,
  "sourceNames" : [ "102" ],
  "targetNames" : [ ],
  "producedEventTypeMapping" : {
    "Email" : {
      "sourceName" : "102",
      "sourceAlias" : null,
      "fieldName" : "Email"
    },
    "SUM_of_TotalAmount" : {
      "id" : null,
      "function" : "SUM",
      "sourceField" : {
        "sourceName" : "102",
        "sourceAlias" : null,
        "fieldName" : "TotalAmount"
      }
    }
  },
  "correlations" : [ ],
  "conditions" : {
    "matching" : "ALL",
    "conditions" : [ {
      "operation" : "GTE",
      "operands" : {
        "first" : {
          "id" : null,
          "function" : "SUM",
          "sourceField" : {
            "sourceName" : "102",
            "sourceAlias" : null,
            "fieldName" : "TotalAmount"
          }
        },
        "second" : 1000
      }
    } ]
  },
  "group" : [ {
    "sourceName" : "102",
    "sourceAlias" : null,
    "fieldName" : "Email"
  } ],
  "sources" : {
    "102" : {
      "name" : "102",
      "window" : {
        "value" : 60,
        "unit" : "SECONDS",
        "slideValue" : 10,
        "slideUnit" : "SECONDS",
        "partitionBy" : [ ]
      },
      "pubSubChannel" : null
    }
  },
  "summaries" : [ {
    "id" : null,
    "function" : "SUM",
    "sourceField" : {
      "sourceName" : "102",
      "sourceAlias" : null,
      "fieldName" : "TotalAmount"
    }
  } ],
  "outputColumns" : [ {
    "alias" : "Email",
    "visible" : true,
    "operand" : {
      "sourceName" : "102",
      "sourceAlias" : null,
      "fieldName" : "Email"
    },
    "type" : "string"
  }, {
    "alias" : "SUM_of_TotalAmount",
    "visible" : true,
    "operand" : {
      "id" : null,
      "function" : "SUM",
      "sourceField" : {
        "sourceName" : "102",
        "sourceAlias" : null,
        "fieldName" : "TotalAmount"
      }
    },
    "type" : "double"
  } ],
  "possibleOutputColumns" : null,
  "pubSubChannelName" : null,
  "originalVersion" : 114,
  "status" : null
},{
  "name" : "106",
  "displayName" : "Spatial Transport Stream",
  "description" : "This is a geostreaming flow of shapes which represent the movement information originating from vehicles providing the location information on the form of GPS and system generated distance in miles from the destination point",
  "typeName" : "CSVSource",
  "parameters" : {
    "eventInterval" : "1000",
    "initialDelay" : "0",
    "loopback":true,
    "sourceFilePath" : {
      "fileServerName" : "SAMPLE_TRANSPORT_STREAM.txt",
      "fileDisplayName" : "SAMPLE_TRANSPORT_STREAM.txt",
      "type" : "upload"
    }
  },
  "attachedTagNames" : [ "sample", "transportation", "geospatial", "CSV" ],
  "createdBy" : "Oracle samples",
  "createdAt" : 1425985505645,
  "updatedBy" : "wlevs",
  "updatedAt" : 1425985505645,
  "realEventType" : {
    "name" : "sx-2-4-SPATIAL_TRANSPORT_STREAM-1",
    "fields" : {
      "vehicleID" : "string",
      "latitude" : "double",
      "longitude" : "double",
      "distance" : "int",
      "destinationID" : "string"
    }
  },
  "invalid" : false,
  "producedEventType" : {
    "name" : "TRANSPORT_SHAPE",
    "fields" : {
      "vehicleID" : "string",
      "latitude" : "double",
      "longitude" : "double",
      "distance" : "int",
      "destinationID" : "string"
    }
  }
},{
  "name" : "107",
  "displayName" : "Spatial Vehicle ETA Monitoring",
  "description" : "This is an application which monitors the distance to destination value so that when any vehicle is within 1 mile an alert shape is generated and the result written to another output CSV file for later analysis ",
  "typeName" : "Exploration",
  "parameters" : {
  },
  "attachedTagNames" : [ "sample", "transportation", "spatial", "ETA", "monitoring" ],
  "createdBy" : "Oracle samples",
  "createdAt" : 1425985695863,
  "updatedBy" : "wlevs",
  "updatedAt" : 1425985781058,
  "realEventType" : {
    "name" : "sx-2-14-SPATIAL_VEHICLE_ETA_MONITORING-1",
    "fields" : {
      "vehicleID" : "string",
      "latitude" : "double",
      "longitude" : "double",
      "distance" : "int",
      "destinationID" : "string"
    }
  },
  "oepAppName" : "sx-2-14-SPATIAL_VEHICLE_ETA_MONITORING",
  "invalid" : false,
  "producedEventType" : null,
  "sourceNames" : [ "106" ],
  "targetNames" : [ ],
  "producedEventTypeMapping" : {
    "vehicleID" : {
      "sourceName" : "106",
      "sourceAlias" : null,
      "fieldName" : "vehicleID"
    },
    "latitude" : {
      "sourceName" : "106",
      "sourceAlias" : null,
      "fieldName" : "latitude"
    },
    "longitude" : {
      "sourceName" : "106",
      "sourceAlias" : null,
      "fieldName" : "longitude"
    },
    "distance" : {
      "sourceName" : "106",
      "sourceAlias" : null,
      "fieldName" : "distance"
    },
    "destinationID" : {
      "sourceName" : "106",
      "sourceAlias" : null,
      "fieldName" : "destinationID"
    }
  },
  "correlations" : [ ],
  "conditions" : {
    "matching" : "ALL",
    "conditions" : [ {
      "operation" : "LTE",
      "operands" : {
        "first" : {
          "sourceName" : "106",
          "sourceAlias" : null,
          "fieldName" : "distance"
        },
        "second" : 1
      }
    } ]
  },
  "group" : [ ],
  "sources" : {
    "106" : {
      "name" : "106",
      "window" : {
        "value" : 1,
        "unit" : "NOW",
        "slideValue" : 1,
        "slideUnit" : "SECONDS",
        "partitionBy" : [ ]
      },
      "pubSubChannel" : null
    }
  },
  "summaries" : [ ],
  "outputColumns" : [ {
    "alias" : "vehicleID",
    "visible" : true,
    "operand" : {
      "sourceName" : "106",
      "sourceAlias" : null,
      "fieldName" : "vehicleID"
    },
    "type" : "string"
  }, {
    "alias" : "latitude",
    "visible" : true,
    "operand" : {
      "sourceName" : "106",
      "sourceAlias" : null,
      "fieldName" : "latitude"
    },
    "type" : "double"
  }, {
    "alias" : "longitude",
    "visible" : true,
    "operand" : {
      "sourceName" : "106",
      "sourceAlias" : null,
      "fieldName" : "longitude"
    },
    "type" : "double"
  }, {
    "alias" : "distance",
    "visible" : true,
    "operand" : {
      "sourceName" : "106",
      "sourceAlias" : null,
      "fieldName" : "distance"
    },
    "type" : "int"
  }, {
    "alias" : "destinationID",
    "visible" : true,
    "operand" : {
      "sourceName" : "106",
      "sourceAlias" : null,
      "fieldName" : "destinationID"
    },
    "type" : "string"
  } ],
  "possibleOutputColumns" : null,
  "pubSubChannelName" : null,
  "originalVersion" : 122,
  "status" : null
},{
  "name" : "110",
  "displayName" : "Customer Cablebox Status Stream",
  "description" : "This is a stream of shapes from various cable boxes which have been updated with a system generated response time value indicating the time in minutes to correct the reported error situation. ",
  "typeName" : "CSVSource",
  "parameters" : {
    "eventInterval" : "1000",
    "initialDelay" : "0",
    "loopback":true,
    "sourceFilePath" : {
      "fileServerName" : "SAMPLE__Customer_SERV_CableBox_record_STREAM.txt",
      "fileDisplayName" : "SAMPLE__Customer_SERV_CableBox_record_STREAM.txt",
      "type" : "upload"
    }
  },
  "attachedTagNames" : [ "sample", "customer", "SLA", "response times", "CSV" ],
  "createdBy" : "Oracle samples",
  "createdAt" : 1425986438717,
  "updatedBy" : "wlevs",
  "updatedAt" : 1425986438717,
  "realEventType" : {
    "name" : "sx-2-2-CUSTOMER_CABLEBOX_STATUS_STREAM-1",
    "fields" : {
      "CustomerID" : "string",
      "CableBoxCode" : "string",
      "OrigSubScriberIP" : "string",
      "RecieveSubScriberIP" : "string",
      "ErrDate" : "string",
      "ErrTime" : "string",
      "SLAResponseTime" : "int"
    }
  },
  "invalid" : false,
  "producedEventType" : {
    "name" : "CUSTOMER_SERVICE_SHAPE",
    "fields" : {
      "CustomerID" : "string",
      "CableBoxCode" : "string",
      "OrigSubScriberIP" : "string",
      "RecieveSubScriberIP" : "string",
      "ErrDate" : "string",
      "ErrTime" : "string",
      "SLAResponseTime" : "int"
    }
  }
},{
  "name" : "111",
  "displayName" : "Customer Service SLA Monitoring",
  "description" : "This application will monitor the information generated from cable boxes to ensure that a required SLA time for a customer service response does not exceed a defined threshold. For any offending shapes an output CSV file is updated for later analysis.",
  "typeName" : "Exploration",
  "parameters" : {
  },
  "attachedTagNames" : [ "sample", "customer", "SLA", "monitoring" ],
  "createdBy" : "Oracle samples",
  "createdAt" : 1425986639653,
  "updatedBy" : "wlevs",
  "updatedAt" : 1425986821815,
  "realEventType" : {
    "name" : "sx-2-13-CUSTOMER_SERVICE_SLA_MONITORING-1",
    "fields" : {
      "CustomerID" : "string",
      "CableBoxCode" : "string",
      "SUM_of_SLAResponseTime" : "int"
    }
  },
  "oepAppName" : "sx-2-13-CUSTOMER_SERVICE_SLA_MONITORING",
  "invalid" : false,
  "producedEventType" : null,
  "sourceNames" : [ "110" ],
  "targetNames" : [ ],
  "producedEventTypeMapping" : {
    "CustomerID" : {
      "sourceName" : "110",
      "sourceAlias" : null,
      "fieldName" : "CustomerID"
    },
    "CableBoxCode" : {
      "sourceName" : "110",
      "sourceAlias" : null,
      "fieldName" : "CableBoxCode"
    },
    "SUM_of_SLAResponseTime" : {
      "id" : null,
      "function" : "SUM",
      "sourceField" : {
        "sourceName" : "110",
        "sourceAlias" : null,
        "fieldName" : "SLAResponseTime"
      }
    }
  },
  "correlations" : [ ],
  "conditions" : {
    "matching" : "ALL",
    "conditions" : [ {
      "operation" : "NE",
      "operands" : {
        "first" : {
          "sourceName" : "110",
          "sourceAlias" : null,
          "fieldName" : "CableBoxCode"
        },
        "second" : "0000"
      }
    }, {
      "operation" : "GTE",
      "operands" : {
        "first" : {
          "id" : null,
          "function" : "SUM",
          "sourceField" : {
            "sourceName" : "110",
            "sourceAlias" : null,
            "fieldName" : "SLAResponseTime"
          }
        },
        "second" : 10
      }
    } ]
  },
  "group" : [ {
    "sourceName" : "110",
    "sourceAlias" : null,
    "fieldName" : "CustomerID"
  }, {
    "sourceName" : "110",
    "sourceAlias" : null,
    "fieldName" : "CableBoxCode"
  } ],
  "sources" : {
    "110" : {
      "name" : "110",
      "window" : {
        "value" : 1,
        "unit" : "MINUTES",
        "slideValue" : 10,
        "slideUnit" : "SECONDS",
        "partitionBy" : [ ]
      },
      "pubSubChannel" : null
    }
  },
  "summaries" : [ {
    "id" : null,
    "function" : "SUM",
    "sourceField" : {
      "sourceName" : "110",
      "sourceAlias" : null,
      "fieldName" : "SLAResponseTime"
    }
  } ],
  "outputColumns" : [ {
    "alias" : "CustomerID",
    "visible" : true,
    "operand" : {
      "sourceName" : "110",
      "sourceAlias" : null,
      "fieldName" : "CustomerID"
    },
    "type" : "string"
  }, {
    "alias" : "CableBoxCode",
    "visible" : true,
    "operand" : {
      "sourceName" : "110",
      "sourceAlias" : null,
      "fieldName" : "CableBoxCode"
    },
    "type" : "string"
  }, {
    "alias" : "SUM_of_SLAResponseTime",
    "visible" : true,
    "operand" : {
      "id" : null,
      "function" : "SUM",
      "sourceField" : {
        "sourceName" : "110",
        "sourceAlias" : null,
        "fieldName" : "SLAResponseTime"
      }
    },
    "type" : "double"
  } ],
  "possibleOutputColumns" : null,
  "pubSubChannelName" : null,
  "originalVersion" : 139,
  "status" : null
}, {
  "name" : "2",
  "displayName" : "IOT Device Stream",
  "description" : "This is a stream of shapes from a simulation CSV file that provides individual devices, identified by their DEVICE_ID with associated information regarding the \"real time\" operational status.\n",
  "typeName" : "CSVSource",
  "parameters" : {
    "eventInterval" : "1000",
    "initialDelay" : "0",
    "loopback":true,
    "sourceFilePath" : {
      "fileServerName" : "SAMPLE_IOT_distributed_device_data_STREAM.txt",
      "fileDisplayName" : "SAMPLE_IOT_distributed_device_data_STREAM.txt",
      "type" : "upload"
    }
  },
  "attachedTagNames" : [ "sample", "IOT", "STREAM", "Devices" ],
  "createdBy" : "Oracle samples",
  "createdAt" : 1425982792826,
  "updatedBy" : "wlevs",
  "updatedAt" : 1425982792826,
  "realEventType" : {
    "name" : "sx-2-8-IOT_DEVICE_STREAM-1",
    "fields" : {
      "DeviceID" : "string",
      "ErrorCode" : "string",
      "ErrorDescription" : "string",
      "DataValue" : "int"
    }
  },
  "invalid" : false,
  "producedEventType" : {
    "name" : "IOT_DEVICE_SHAPE",
    "fields" : {
      "DeviceID" : "string",
      "ErrorCode" : "string",
      "ErrorDescription" : "string",
      "DataValue" : "int"
    }
  }
},{
  "name" : "3",
  "displayName" : "IOT Device Monitoring",
  "description" : "This application monitors the \"real time\" device status event shapes and provides analysis for persistent equipment failures, based on the following business criteria: \n\n1) only failing devices based on the error code not equal to \"0000\"\n2) grouped by unique DEVICE_ID \n3) whether the COUNT is greater than 3\n4) in a 1 MINUTE Window of time\n\nFor devices (equipment) that meet this collection of criteria, the event shape is written to another output CSV file for further downstream analysis. ",
  "typeName" : "Exploration",
  "parameters" : {
  },
  "attachedTagNames" : [ "sample", "IOT", "PERSISTENT FAIL", "DEVICES", "MONITORING" ],
  "createdBy" : "Oracle samples",
  "createdAt" : 1425983246322,
  "updatedBy" : "wlevs",
  "updatedAt" : 1425983395733,
  "realEventType" : {
    "name" : "sx-2-17-IOT_DEVICE_MONITORING-1",
    "fields" : {
      "DeviceID" : "string",
      "COUNT_of_DeviceID" : "int"
    }
  },
  "oepAppName" : "sx-2-17-IOT_DEVICE_MONITORING",
  "invalid" : false,
  "producedEventType" : null,
  "sourceNames" : [ "2" ],
  "targetNames" : [ ],
  "producedEventTypeMapping" : {
    "DeviceID" : {
      "sourceName" : "2",
      "sourceAlias" : null,
      "fieldName" : "DeviceID"
    },
    "COUNT_of_DeviceID" : {
      "id" : null,
      "function" : "COUNT",
      "sourceField" : {
        "sourceName" : "2",
        "sourceAlias" : null,
        "fieldName" : "DeviceID"
      }
    }
  },
  "correlations" : [ ],
  "conditions" : {
    "matching" : "ALL",
    "conditions" : [ {
      "operation" : "NE",
      "operands" : {
        "first" : {
          "sourceName" : "2",
          "sourceAlias" : null,
          "fieldName" : "ErrorCode"
        },
        "second" : "0000"
      }
    }, {
      "operation" : "GTE",
      "operands" : {
        "first" : {
          "id" : null,
          "function" : "COUNT",
          "sourceField" : {
            "sourceName" : "2",
            "sourceAlias" : null,
            "fieldName" : "DeviceID"
          }
        },
        "second" : 3
      }
    } ]
  },
  "group" : [ {
    "sourceName" : "2",
    "sourceAlias" : null,
    "fieldName" : "DeviceID"
  } ],
  "sources" : {
    "2" : {
      "name" : "2",
      "window" : {
        "value" : 1,
        "unit" : "MINUTES",
        "slideValue" : 10,
        "slideUnit" : "SECONDS",
        "partitionBy" : [ ]
      },
      "pubSubChannel" : null
    }
  },
  "summaries" : [ {
    "id" : null,
    "function" : "COUNT",
    "sourceField" : {
      "sourceName" : "2",
      "sourceAlias" : null,
      "fieldName" : "DeviceID"
    }
  } ],
  "outputColumns" : [ {
    "alias" : "DeviceID",
    "visible" : true,
    "operand" : {
      "sourceName" : "2",
      "sourceAlias" : null,
      "fieldName" : "DeviceID"
    },
    "type" : "string"
  }, {
    "alias" : "COUNT_of_DeviceID",
    "visible" : true,
    "operand" : {
      "id" : null,
      "function" : "COUNT",
      "sourceField" : {
        "sourceName" : "2",
        "sourceAlias" : null,
        "fieldName" : "DeviceID"
      }
    },
    "type" : "bigint"
  } ],
  "possibleOutputColumns" : null,
  "pubSubChannelName" : null,
  "originalVersion" : 16,
  "status" : null
}, {
  "name" : "6",
  "displayName" : "CDR Stream",
  "description" : "This is a stream of shapes from a simulated CSV file that represents \"Call-Detail_Records\" from a telecommunications network, specifically identifying CALL DROPPED COUNTS.",
  "typeName" : "CSVSource",
  "parameters" : {
    "eventInterval" : "1000",
    "initialDelay" : "0",
    "loopback":true,
    "sourceFilePath" : {
      "fileServerName" : "SAMPLE_Telecommunications_CDR_STREAM.txt",
      "fileDisplayName" : "SAMPLE_Telecommunications_CDR_STREAM.txt",
      "type" : "upload"
    }
  },
  "attachedTagNames" : [ "sample", "telecom", "CDR", "STREAM" ],
  "createdBy" : "Oracle samples",
  "createdAt" : 1425983783156,
  "updatedBy" : "wlevs",
  "updatedAt" : 1425983783156,
  "realEventType" : {
    "name" : "sx-2-10-CDR_STREAM-1",
    "fields" : {
      "CallID" : "string",
      "CallCode" : "string",
      "OrigSubScriber" : "string",
      "RecieveSubScriber" : "string",
      "CDRDate" : "string",
      "CDRTime" : "string",
      "CallDropCount" : "int"
    }
  },
  "invalid" : false,
  "producedEventType" : {
    "name" : "CDR_SHAPE",
    "fields" : {
      "CallID" : "string",
      "CallCode" : "string",
      "OrigSubScriber" : "string",
      "RecieveSubScriber" : "string",
      "CDRDate" : "string",
      "CDRTime" : "string",
      "CallDropCount" : "int"
    }
  }
},{
  "name" : "7",
  "displayName" : "CDR Monitoring",
  "description" : "This application monitors CDR's and will identify whether the number of dropped calls for a specific subscriber exceeds a defined threshold limit, in which case the offending CDR Shape is written to another output CSV file for later analysis.",
  "typeName" : "Exploration",
  "parameters" : {
  },
  "attachedTagNames" : [ "sample", "telecom", "CDR MONITORING", "Dropped Calls" ],
  "createdBy" : "Oracle samples",
  "createdAt" : 1425983968084,
  "updatedBy" : "wlevs",
  "updatedAt" : 1425984203074,
  "realEventType" : {
    "name" : "sx-2-16-CDR_MONITORING-1",
    "fields" : {
      "SUM_of_CallDropCount" : "int",
      "CallID" : "string",
      "OrigSubScriber" : "string",
      "RecieveSubScriber" : "string"
    }
  },
  "oepAppName" : "sx-2-16-CDR_MONITORING",
  "invalid" : false,
  "producedEventType" : null,
  "sourceNames" : [ "6" ],
  "targetNames" : [ ],
  "producedEventTypeMapping" : {
    "SUM_of_CallDropCount" : {
      "id" : null,
      "function" : "SUM",
      "sourceField" : {
        "sourceName" : "6",
        "sourceAlias" : null,
        "fieldName" : "CallDropCount"
      }
    },
    "CallID" : {
      "sourceName" : "6",
      "sourceAlias" : null,
      "fieldName" : "CallID"
    },
    "OrigSubScriber" : {
      "sourceName" : "6",
      "sourceAlias" : null,
      "fieldName" : "OrigSubScriber"
    },
    "RecieveSubScriber" : {
      "sourceName" : "6",
      "sourceAlias" : null,
      "fieldName" : "RecieveSubScriber"
    }
  },
  "correlations" : [ ],
  "conditions" : {
    "matching" : "ALL",
    "conditions" : [ {
      "operation" : "NE",
      "operands" : {
        "first" : {
          "sourceName" : "6",
          "sourceAlias" : null,
          "fieldName" : "CallCode"
        },
        "second" : "0000"
      }
    }, {
      "operation" : "GTE",
      "operands" : {
        "first" : {
          "id" : null,
          "function" : "SUM",
          "sourceField" : {
            "sourceName" : "6",
            "sourceAlias" : null,
            "fieldName" : "CallDropCount"
          }
        },
        "second" : 10
      }
    } ]
  },
  "group" : [ {
    "sourceName" : "6",
    "sourceAlias" : null,
    "fieldName" : "CallID"
  }, {
    "sourceName" : "6",
    "sourceAlias" : null,
    "fieldName" : "OrigSubScriber"
  }, {
    "sourceName" : "6",
    "sourceAlias" : null,
    "fieldName" : "RecieveSubScriber"
  } ],
  "sources" : {
    "6" : {
      "name" : "6",
      "window" : {
        "value" : 1,
        "unit" : "MINUTES",
        "slideValue" : 10,
        "slideUnit" : "SECONDS",
        "partitionBy" : [ ]
      },
      "pubSubChannel" : null
    }
  },
  "summaries" : [ {
    "id" : null,
    "function" : "SUM",
    "sourceField" : {
      "sourceName" : "6",
      "sourceAlias" : null,
      "fieldName" : "CallDropCount"
    }
  } ],
  "outputColumns" : [ {
    "alias" : "SUM_of_CallDropCount",
    "visible" : true,
    "operand" : {
      "id" : null,
      "function" : "SUM",
      "sourceField" : {
        "sourceName" : "6",
        "sourceAlias" : null,
        "fieldName" : "CallDropCount"
      }
    },
    "type" : "double"
  }, {
    "alias" : "CallID",
    "visible" : true,
    "operand" : {
      "sourceName" : "6",
      "sourceAlias" : null,
      "fieldName" : "CallID"
    },
    "type" : "string"
  }, {
    "alias" : "OrigSubScriber",
    "visible" : true,
    "operand" : {
      "sourceName" : "6",
      "sourceAlias" : null,
      "fieldName" : "OrigSubScriber"
    },
    "type" : "string"
  }, {
    "alias" : "RecieveSubScriber",
    "visible" : true,
    "operand" : {
      "sourceName" : "6",
      "sourceAlias" : null,
      "fieldName" : "RecieveSubScriber"
    },
    "type" : "string"
  } ],
  "possibleOutputColumns" : null,
  "pubSubChannelName" : null,
  "originalVersion" : 34,
  "status" : null
}]}
